Scenario,Expected_Default_Rate,Std_Dev,VaR_95,VaR_99,CVaR_95,CVaR_99
Base Case,0.22668496671586671,0.0009677872992401612,0.22827639760757326,0.22892844652309735,0.2286734135381727,0.2292463348981345
Recession (1.5× PD),0.3399600963846851,0.0010201755451039842,0.34164399314755867,0.3423434638023936,0.3420696552139624,0.34267198719984976
High-Risk 2× Stress,0.32532764865233343,0.0008759252694993899,0.3267594947213676,0.32735226646275317,0.3271222663038148,0.32760930856198345
